{
    "loss": 32.75996780395508,
    "accuracy": 0.5686274766921997
}